{
  "generator-jhipster": {
    "promptValues": {
      "packageName": "com.mycompany.myapp",
      "nativeLanguage": "en"
    },
    "jhipsterVersion": "6.0.0",
    "applicationType": "monolith",
    "baseName": "samplejhi6",
    "packageName": "com.mycompany.myapp",
    "packageFolder": "com/mycompany/myapp",
    "serverPort": "8080",
    "authenticationType": "jwt",
    "cacheProvider": "ehcache",
    "enableHibernateCache": true,
    "websocket": false,
    "databaseType": "sql",
    "devDatabaseType": "h2Disk",
    "prodDatabaseType": "mysql",
    "searchEngine": false,
    "messageBroker": false,
    "serviceDiscoveryType": false,
    "buildTool": "maven",
    "enableSwaggerCodegen": false,
    "jwtSecretKey": "ZmZhOTNiNGMxZjkzMDBjNjdiMzI2ZDEzZjQyMmQ4YjdlMTYwZTdmYjg2ZDAzZGM0NzFkOTQ2MzhkYjUxZWU4Yjc5MmQzMTYyYTM1Y2JlZjgyNGI1MTY5ZWZjZGM4YTMzZDYxM2ExMGI3ZDY1ZDdhNzJkZDYwMmQ2ODFmMjg2OGI=",
    "clientFramework": "angularX",
    "clientTheme": "none",
    "clientThemeVariant": "",
    "useSass": true,
    "clientPackageManager": "npm",
    "testFrameworks": [],
    "jhiPrefix": "jhi",
    "entitySuffix": "",
    "dtoSuffix": "DTO",
    "otherModules": [],
    "enableTranslation": true,
    "nativeLanguage": "en",
    "languages": [
      "en"
    ]
  }
}